id,name,categories/0/title,rating,coordinates/latitude,coordinates/longitude,price,location/address1,location/city,location/zip_code
yrUDeng1LrDvgyyjI5GiHA,Pho Quynh,Vietnamese,4.5,35.211296081543,-80.7613372802734,$$,4900 Central Ave,Charlotte,28205
PqcOSnCsJTT9Yd2xWKIMWw,La Shish Kabob,Middle Eastern,4.5,35.2032998,-80.7604348,$,3117-A N Sharon Amity,Charlotte,28205
LdhprCGxa0inFo5P812EIg,Loft & Cellar,Cocktail Bars,3.5,35.2282036722545,-80.8464987203479,$$,305 W 4th St,Charlotte,28202
VH3WA7a-OVzFj2K_SP4BIw,The King's Kitchen,American (Traditional),4.0,35.2280098136565,-80.8442559630758,$$,129 W Trade St,Charlotte,28202
trAd97ig2agtkZl2cimOMQ,Something Classic Cafe,American (New),4.0,35.22822,-80.84099,$,220 N Tryon St,Charlotte,28263
QFqtVX-lyZQgVHQrG-dhlg,Diamond Restaurant,Southern,3.5,35.21909,-80.81317,$,1901 Commonwealth Ave,Charlotte,28205
l9tFVg7r7QXuLnCywMQl7Q,The Daily Tavern,American (New),4.5,35.2294337656203,-80.8419475618761,$$,214 N Church St,Charlotte,28202
Cbr_THdFrhePgJoqQ9X6gQ,Pho Hoa Noodle Soup,Vietnamese,4.5,35.217429,-80.794365,$,3000 Central Ave,Charlotte,28205
SHFlELFcEcAOJv_fTAKChQ,Dandelion Market,Bars,4.0,35.2286689,-80.84241,$$,118 W 5th St,Charlotte,28202
K3iw26MkmSBPAM7BzHkIYQ,Yama Asian Fusion,Japanese,4.0,35.157295,-80.824004,$$,720 Governor Morrison St,Charlotte,28211
bgvm73MMjC2f5qo_RgXOXg,Halcyon,Cocktail Bars,4.0,35.224421,-80.848247,$$$,500 S Tryon St,Charlotte,28202
QvxBnMcBPP1z_NAIYCqqdA,Haberdish,Southern,4.5,35.246509552002,-80.8061065673828,$$,3106 N Davidson St,Charlotte,28205
2um9bzTSvD3f2tkdBoA38g,Kid Cashew,Mediterranean,4.0,35.1991851,-80.8414488,$$,1608 East Blvd,Charlotte,28203
Ch7NAhB_MWSDwcNbcptEKg,Mimosa Grill,Southern,4.0,35.224472,-80.845472,$$,327 S Tryon St,Charlotte,28202
B1imfnKRvcotaYacPGUrLQ,Carpe Diem Restaurant & Caterers,American (New),4.0,35.21413,-80.82649,$$$,1535 Elizabeth Ave,Charlotte,28204
8xTuXU5uZ85WF-ZGqDNv_w,Leroy Fox South End,Southern,4.0,35.21416,-80.85804,$$,1616 Camden Rd,Charlotte,28203
WbJ1LRQdOuYYlRLyTkuuxw,Tupelo Honey,Southern,4.0,35.2111775622096,-80.8586042199391,$$,1820 South Blvd,Charlotte,28203
Z072pEHdos2Gjj3nMdR6uA,Luce Restaurant & Bar,Italian,4.0,35.22777,-80.84071,$$$,214 N Tryon St,Charlotte,28202
sJpl9ufYT87UWhtW-5UkmQ,Fitzgerald's,Irish,3.5,35.2268736,-80.8407635,$$,201 E 5th St,Charlotte,28202
KbLI0QELlAwbfDUVwo43DQ,Cajun Yard Dog,Cajun/Creole,4.0,35.0971237982375,-80.7805609703064,$$,8036 Providence Rd,Charlotte,28277
QHe9ZMcryK0tcJu1Eyylsw,JP Charlotte at Westin,Diners,3.5,35.2215950971688,-80.8474606275558,$$,601 S College St,Charlotte,28202
Yc5_nA9NqqxOp8WCugF-Ng,500 Degrees Pizzeria,Pizza,4.0,35.15357,-80.87615,$,6037 South Blvd,Charlotte,28217
U66Hketxx9udNd3dMmfPQA,Zoewee's,African,4.0,35.25672,-80.79606,$$,4112 N Tryon St,Charlotte,28206
vOdiLz0dTiyHmkbv61HYGQ,Ty's Wings & Tings,Chicken Wings,4.5,35.23527,-80.73645,$$,5708 N Sharon Amity Rd,Charlotte,28215
D2ojX9bvE0_-aIj9BhdZZA,300 East,American (New),4.0,35.210281,-80.856636,$$,300 East Blvd,Charlotte,28203
bcTwvbD5wfMSgSO-YczLYw,The Workman's Friend,Irish Pub,4.5,35.220588,-80.812271,$$,1531 Central Ave,Charlotte,28205
NVJ1rVXyThay6Om-Q2LKJA,Cedar Land,Lebanese,4.0,35.211861,-80.761811,$,4832 Central Ave,Charlotte,28205
MfmBd9C7tUfOkGu2eJpK2w,Sunflower Family Restaurant,Diners,4.5,35.29321,-80.83786,$,5400 Statesville Rd,Charlotte,28269
g-ftCJsLjDZgYzrjUf7gng,Hunan Express Chinese Restaurant,Chinese,3.0,35.19191,-80.79713,$,901 N Wendover Rd,Charlotte,28211
trodK1jXLGIn5qjJCooIpQ,Rooster's at Southpark,Southern,4.0,35.15387,-80.82777,$$,6601 Morrison Blvd,Charlotte,28211
bcTeQtSdHW5pyLjXz05QEg,Fran's Filling Station,American (New),3.5,35.1979022,-80.8519628,$$,2410 Park Rd,Charlotte,28203
S9QkaFZ-64t8KpWvC5m4lA,Barreled At The Lift,Hookah Bars,4.0,35.1720913,-80.8492887,$$,1600 E Woodlawn Rd,Charlotte,28209
kXoCEwQ1Qr9Ft6uObAvCBQ,Pollo Campero,Latin American,4.0,35.15191,-80.87684,$,6124 South Blvd,Charlotte,28217
CAmPPSKoFCd8zo2bxRxRkA,Dino's Family Restaurant,Breakfast & Brunch,4.0,35.25471,-80.79371,$,350 E Sugar Creek Rd,Charlotte,28213
x6n14NifL1K1-kimB83GVA,Seoul Poke Bowl,Poke,4.5,35.19241,-80.87323,$$,3609 South Blvd,Charlotte,28209
vqG1Z2XpS_PryPsfY0CSng,The Capital Grille,Steakhouses,4.5,35.2283137726241,-80.8419989013275,$$$,201 N Tryon St,Charlotte,28202
R2gNwPARX31w68wjhuJ0zw,Hickory Tavern,Sports Bars,3.5,35.212829,-80.835897,$$,1100 Metropolitan Ave,Charlotte,28204
01fuY2NNscttoTxOYbuZXw,Pinky's Westside Grill,Burgers,4.0,35.22912,-80.86738,$,1600 W Morehead St,Charlotte,28208
bXbCGFk3ZjLcTdQQB-xPyQ,Luciano's Ristorante Italiano,Italian,4.0,35.210707,-80.859637,$$,1910 South Blvd,Charlotte,28203
JIvZVRb4nsuXpCU75SEkFw,Kopper Kettle Restaurant,American (Traditional),4.5,35.1142539978027,-80.9128646850586,$,11000 Nations Ford Rd,Pineville,28134
o0Y5O_D8RQCx0NEwqPjASQ,Evoke,Wine Bars,3.5,35.21686,-80.83809,$$$,555 S McDowell St,Charlotte,28204
7rh29SPJMkyeI2BJcjqzLQ,Beijing Chinese Cuisine,Chinese,3.5,35.2134281937784,-80.8555153012276,$,1603 S Blvd,Charlotte,28203
uz8ISWdE0OSJBjArw4P4Og,Mellow Mushroom,Pizza,3.0,35.2258610579236,-80.8477123135281,$$,255 W Martin Luther King Blvd,Charlotte,28202
tTEtAzGbydufWtgOqCMquA,The Flipside Cafe,Breakfast & Brunch,4.5,35.0777216,-80.934358,$$,3150 Hwy 21 N,Fort Mill,29715
H-PmFfqAzQtWTS0XeWC_lw,Greco Fresh Grille,Greek,4.5,35.0351799,-80.80697,$,9820 E Rea Rd,Charlotte,28277
yIxP32hWfZm5gyYUUh2WBA,Bonterra Restaurant & Wine Room,American (New),3.5,35.2100942,-80.8571985,$$$,1829 Cleveland Ave,Charlotte,28203
eAZqT24e0Pk8apWzy3RsAQ,McKoy's Smokehouse & Saloon,Barbeque,4.0,35.1788,-80.88005,$$,4630 Old Pineville Rd,Charlotte,28217
yIBeZebnXb-hvexqknnDCg,McNinch House Restaurant,French,4.0,35.23172,-80.83967,$$$$,511 N Church St,Charlotte,28202
H4E4sZ6PKBef65hU0GKi_g,StrikeCity,Sports Bars,3.0,35.2248680662701,-80.8420255958605,$$,210 E Trade St,Charlotte,28202
ZlrHrg7jrbO6blqwfa0MkQ,Baoding,Chinese,4.0,35.1475296,-80.8314896,$$,4722 Sharon Rd,Charlotte,28210
wC-wLFVCIjXArsrMuUJdYQ,Hunan Park,Chinese,3.5,35.3716758,-80.7843814,$,5818 Prosperity Church Rd,Charlotte,28269
HMJ0-SIWhvzFIkoWb2H9hQ,Salsarita's Fresh Mexican Grill,Mexican,3.0,35.176142,-80.80239,$,304 S Sharon Amity Rd,Charlotte,28211
QAHqplESgDUGgih45W9J-g,Dressler's - Charlotte,Seafood,4.5,35.21267,-80.83563,$$$,1100-E Metropolitan Ave,Charlotte,28204
bm_PGQMGMjylitqkNIEzTw,Vivace,Italian,4.0,35.2120561773333,-80.8361443055572,$$,1100 Metropolitan Ave,Charlotte,28204
nHdsHdq35JflGzliWVqG-Q,Johnny Burrito,Mexican,4.5,35.2255395054817,-80.8454268425703,$,301 S Tryon St,Charlotte,28282
VeFqptSzekFAc3FZOpi81Q,Alexander Michael's,American (Traditional),4.5,35.23357,-80.84083,$$,401 W 9th St,Charlotte,28202
7DaZWpnx0Af73akl-wwxJg,Five Guys,Burgers,2.5,35.2204986985655,-80.8156709761375,$,1326 Central Ave,Charlotte,28205
rbbcyLXhGzIr0j4XNLdayw,Chick-fil-A,Fast Food,3.0,35.198116,-80.868032,$,3015 South Blvd,Charlotte,28209
ATMiPNPxN-g1ra7nar5prA,Fleming's Prime Steakhouse & Wine Bar - Charlotte,Steakhouses,3.5,35.225277,-80.842028,$$$,210 E Trade St,Charlotte,28202
Uyw1pJ03kt-I1B_tkA3aFg,Royal Biryani,Indian,4.0,35.1407971,-80.7399859,$$,9624 Monroe Rd,Charlotte,28270
--cZ6Hhc9F7VkKXxHMVZSQ,Pio Pio,Peruvian,4.0,35.1998528425529,-80.8448199046631,$$,1408 E Blvd,Charlotte,28203
yBzGYfkV3QQaiwMSHoCN3A,Tabla Indian Restaurant,Indian,4.0,35.0414801708236,-80.8624121602055,$$,15025 Lancaster Hwy,Charlotte,28277
5fquJHY2hMX9tPRD5s0t5g,Rooster's Uptown,American (New),4.0,35.2265,-80.840796,$$,150 N College St,Charlotte,28202
jZUizCQ4nRmyovBeuUniGQ,Stone Mountain Grill,American (New),3.5,35.05789,-80.851262,$$,15719 Brixham Hill Ave,Charlotte,28277
Ggh9JwuIwPBiMmx16kAiug,Sushi Guru,Sushi Bars,3.5,35.1542664054846,-80.8280182217636,$$,6601 Morrison Blvd,Charlotte,28211
mqUgobkWrQgfYo3ri1foVA,Kabab Je Rotisserie and Grille,Mediterranean,4.0,35.060634,-80.816192,$$,7828 Rea Rd,Charlotte,28277
boug058JCnbFkQp-K_fXQA,Ruth's Chris Steak House,Steakhouses,4.0,35.2262229919434,-80.8451614379883,$$$,222 S Tryon St,Charlotte,28202
yOBDY3fpaTpX4Q5JpmExMg,Taqueria Mexico,Mexican,4.0,35.139564,-80.876228,$,7001 South Blvd,Charlotte,28217
apMG3W6-qpHIuo4ApZy3IA,Bricktop's Restaurant,Breakfast & Brunch,4.0,35.156344,-80.831879,$$,6401 Morrison Blvd,Charlotte,28211
_sf5MgDqH9P5OnK3tsHfkg,John's Family Restaurant,American (Traditional),3.5,35.129871,-80.937683,$,2002 Westinghouse Blvd,Charlotte,28273
wJnhUJCOYkncLPZAwaMffA,Room 112,Asian Fusion,3.5,35.2270964,-80.8438287,$$,112 S Tryon St,Charlotte,28284
vMKQaR8bI2saI7rz8H5MYg,Sabor Latin Street Grill - Noda,Mexican,4.0,35.24736,-80.80566,$,3205 N Davidson St,Charlotte,28205
LpyndkMvevIQA-JHoReHNw,Jaipur Indian Restaurant,Indian,3.5,35.155407,-80.875309,$$,5909 South Blvd,Charlotte,28217
aIJqDWUt10iS45zYCr0KcQ,Thai Taste,Thai,3.5,35.21002,-80.856,$$,324 East Blvd,Charlotte,28203
o5QDrg_kb4hgsWxV6cV_Uw,The Flying Biscuit Cafe - Charlotte,Breakfast & Brunch,4.0,35.1742292692206,-80.8481419086456,$$,4241 Park Rd,Charlotte,28209
ICUCAzUZFiWkYs7iCtNCQg,Copper Modern Indian Cuisine,Indian,4.0,35.2107699,-80.85582,$$,311 East Blvd,Charlotte,28203
1NmGVWYlF4iMngM6arKJTQ,Pho Huong Que,Vietnamese,3.5,35.16302,-80.73824,$$,7211 E Independence Blvd,Charlotte,28227
s6lTNO57vXsfzyYrPfXOvA,Vietnam Grille,Vietnamese,4.0,35.1598255647287,-80.875802542826,$$,5615 South Blvd,Charlotte,28217
KEGLWeFAWXvo0W2LnujhtQ,Lang Van Vietnamese,Vietnamese,4.5,35.23666,-80.77453,$$,3019 Shamrock Dr,Charlotte,28215
gChmBjLSe3qa8rzEngoDLQ,Fahrenheit,American (New),3.0,35.2225852263071,-80.8410940691829,$$$,222 S Caldwell St,Charlotte,28202
ny8YcGEViSGKWxo69xfiiA,Sauceman's,Barbeque,3.5,35.2139577680734,-80.8612242949982,$$,228 W Blvd,Charlotte,28203
GTB4esadYFFyLTJX9OqNdw,Dragon Court,Dim Sum,3.0,35.256935,-80.79124,$$,4520 N Tryon St,Charlotte,28213
k-drEjxKmfqllwfY90STfA,Cantina 1511,Mexican,3.5,35.17343,-80.84995,$$,4271 Park Rd,Charlotte,28209
zpGCFAt_MydbQN4EsXee6w,Banh Mi Brothers,Vietnamese,4.5,35.3035097937857,-80.7487670917075,$,230 Wt Harris Blvd,Charlotte,28262
JogUSDKa1xyG3lLEmD4Xjg,Fiamma,Italian,4.0,35.1976756,-80.8519236,$$,2418 Park Rd,Charlotte,28263
ZwYhFeyU7H8196rPQYmLUg,Vintner Wine Market,"Beer, Wine & Spirits",4.0,35.09631,-80.77948,$$,8128 Providence Rd,Charlotte,28277
9TCzxlrOZSIFcBlvHIUgFA,PePeRo,Korean,4.0,35.12465,-80.7302799,$$,10920 Monroe Rd,Matthews,28105
v0ubf7h2E0OfwGGfkI1S4w,Que Onda Tacos Matthews,Mexican,4.5,35.0843999869986,-80.731410151906,$$,3016 Weddington Rd,Charlotte,28105
a0Jm-rlHOKk_1fm4hzxskg,Wan Fu,Chinese,4.0,35.0886192321777,-80.8615798950195,$$,10719 Kettering Dr,Charlotte,28226
aO1gAp41n8w8zpxTiHdLNA,Mert's Heart & Soul,Southern,3.5,35.2275006314682,-80.8403795540396,$$,214 N College St,Charlotte,28202
T6r1CjkbVHMsGpR2dlyXuQ,Sushiya Japan,Japanese,4.0,35.09631,-80.77948,$$,8200 Providence Rd,Charlotte,28277
AHosGBveeXx9YjsQvdJgeg,Bentley's on 27,French,4.0,35.22508,-80.84356,$$$$,201 S College St,Charlotte,28244
gJttMZnv0Gy9OlLhNzPbQQ,LittleSpoon,Breakfast & Brunch,3.5,35.1742605839744,-80.8402330343933,$$,2820 Selwyn Ave,Charlotte,28209
J7fekWie4ZwR03AZVBisFw,Cafe South,Breakfast & Brunch,4.0,35.1359891775362,-80.9049696592624,$$,7901 Forest Pine Dr,Charlotte,28273
9dqdzRzjSfbnMvjUGqWBAw,Midnight Diner,Diners,4.0,35.2195687,-80.852309,$,115 E Carson Blvd,Charlotte,28203
8T5JnB9qL5y8RaCHH5zKSQ,Bean Vegan Cuisine,Vegetarian,3.5,35.204441,-80.792183,$$,3001 E Independence Blvd,Charlotte,28205
_ruizXa-KyFO5mNA0p3nBA,Webb Custom Kitchen,American (New),4.5,35.2625,-81.183563,$$,182 S South St,Gastonia,28052
jNQnscvgn_dMTS954qW_9Q,The World Famous Open Kitchen,Italian,3.0,35.229305267334,-80.8633499145508,$$,1318 W Morehead St,Charlotte,28208
osSwv6CJy5hDKQdOKeyTow,Ru San's,Sushi Bars,4.0,35.1977376810067,-80.8527190502625,$$,2440 Park Rd,Charlotte,28203
Y84fM25GsIWfS7E0dMIKDQ,Cedar Street Tavern,American (Traditional),3.5,35.23344,-80.84901,$$,120 N Cedar St,Charlotte,28202
WCqcYtJ4rUxA4bIzjOfzqg,Vapiano,Italian,3.5,35.226145,-80.844234,$$,201 S Tryon St,Charlotte,28202
c4KXpCou6HBOgfKp2z2_hw,Terrace - Ballantyne,Southern,3.5,35.05369,-80.85146,$$,14815 Ballantyne Village Way,Charlotte,28277
jUF7BSWB2s7Xgp5PbISbsg,Caribbean Hut,Caribbean,3.5,35.31711,-80.73994,$$,9609 N Tryon St,Charlotte,28262
VkO8Ky0NTPr5XJzVvWLDYg,Dorian's Deli & Grill,Delis,4.0,35.11752,-80.70259,$,1240 Matthews Mint Hill Rd,Matthews,28105
Gmdb6fOoPr-SZt0soRjwzA,Quidleys Delight,Caribbean,4.5,35.31434,-80.70251,$$,10901 University City Blvd,Charlotte,28262
hWIQ6rl1uub-WVGTySvOsw,Cook Out,Burgers,3.5,35.1216,-80.9499,$,13317 York Center Dr,Charlotte,28273
OHAMMo1sdmvFw9SsS-AZQg,Chicken Box Cafe,Soul Food,3.0,35.280399,-80.794036,$$,1331 W Sugar Creek Rd,Charlotte,28262
1ylgrtS3iSNaf3V68kw4bw,Local Dish,Southern,4.5,35.0078170041275,-80.9441623091698,$$,217 Main St,Fort Mill,29715
MtzjOi57BkQrqF8wqNOyHg,Nana's Soul Food Kitchen,Soul Food,4.0,35.1905,-80.92202,$$,2908 Oak Lake Blvd,Charlotte,28208
PdfyzKoGrCoFFhPlnOpqfw,Pho Cali Thai,Vietnamese,3.5,35.1338376386944,-80.93912919679,$$,9107 S Tryon St,Charlotte,28273
AuIiqDeL65kczmiFSkAWrA,Maggiano's Little Italy,Italian,3.5,35.152157023777,-80.8302691113617,$$,4400 Sharon Rd,Charlotte,28211
KU7eFCdA47v6zeKF3a7j6A,New South Kitchen & Bar,Southern,4.0,35.096896,-80.77876,$$,8140 Providence Rd,Charlotte,28277
5gl2GLgimBz1-Q-uXji_Rw,Milano's Pizza & Pasta,Italian,3.5,35.12835,-80.94309,$$,9640 S Tryon St,Charlotte,28273
mC39IrCp36QIVFRZIw9PTQ,Seoul Food Meat Company,Korean,4.0,35.2192611694336,-80.8578567504883,$$,1400 S Church St,Charlotte,28203
WPkRg0eaJZFbyXm0uNb1ZA,Cabo's Mexican Cuisine and Cantina,Mexican,4.0,35.0863331,-80.8462543,$$,6676 Carmel Rd,Charlotte,28226
biCO6zc-opMp-uJ6rkTENA,Bonchon - Woodlawn,Korean,3.5,35.172213623598,-80.848964631997,$$,1600 E Woodlawn Rd,Charlotte,28209
NwWYSYGHFyHQMmsXu0SiYA,The Burger Company,Burgers,3.0,35.22959,-80.86561,$$,1500C W Morehead St,Charlotte,28208
yXiDD18UV49-7UhA6dWjAw,Giacomo's Pizzeria and Italian Restaurant,Pizza,4.0,35.32928,-80.742,$$,10230 Berkeley Place Dr,Charlotte,28262
QeDkfLmXVguytF3Of9zg-Q,Boudreaux's Louisiana Kitchen,Cajun/Creole,3.5,35.24761,-80.80403,$$,501 E 36th St,Charlotte,28205
RApd_uvsR3dDNekgc1Emrw,Boiling Pot,Fondue,4.0,35.350323,-80.842886,$$,7010 Smith Corners Blvd,Charlotte,28269
NMw6zTXoZDEzNchVIfL1pQ,Don Pedro Mexican Restaurant,Mexican,3.5,35.1358576315669,-80.937357992332,$$,8943 S Tryon St,Charlotte,28273
Oi-u4KqrcZbIWSYKnh7mJA,Fortune Cookie II,Chinese,3.5,35.1369323730469,-80.9367980957031,$,8943 S Tryon St,Charlotte,28273
WlMegJTLkMdo6FO6Vfnq0Q,Sunset Soul Food,Seafood,3.5,35.3035,-80.85771,$$,5009 Beatties Ford Rd,Charlotte,28217
dk1wKOtlFi212DDMNr1pXg,Courtyard by Marriott Charlotte Ballantyne,Hotels,4.0,35.05942,-80.85061,$$$,15635 Don Lochman Lane,Charlotte,28227
yMopev-RPxfEXgqkJOvCGA,Cajun Queen,Cajun/Creole,4.0,35.21449,-80.82111,$$,1800 E 7th St,Charlotte,28204
S-V-belb3Gv7qrNVftLHwQ,Kabuto Japanese Steakhouse and Sushi Bar,Sushi Bars,2.0,35.162263,-80.886091,$$,446 Tyvola Rd,Charlotte,28217
iyFS4twFjCKfaKl7kUl3sg,Harry's Grille & Tavern,Bars,4.0,35.13807,-80.93319,$$,2127 Ayrsley Town Blvd,Charlotte,28273
Nk2gNrMDZa9_7gmT3W-zjQ,Thai Taste at University,Thai,3.5,35.33703,-80.75653,$$,2025 E Arbors Dr,Charlotte,28262
y1eeVRfJa22CCpUCeNfrSw,Basil Thai Cuisine,Thai,3.5,35.229,-80.84242,$$,210 N Church St,Charlotte,28202
dk7VpR5Xh7t28U99ASZz7A,Brazz Carvery & Brazilian Steakhouse,Steakhouses,3.5,35.2231876,-80.8466272,$$$,500 S College St,Charlotte,28202
EbgUkmDxPUa2fr0rc8EFJQ,P.F. Chang's,Chinese,3.0,35.1465562987188,-80.8267944753231,$$,6809-F Phillips Place Ct,Charlotte,28210
Ul2AUiQpsn2lz9DtBKMJcA,Fairfield Inn & Suites by Marriott Charlotte Airport,Hotels,3.0,35.181305,-80.914393,$$,2220 W Tyvola Rd,Charlotte,28217
UByM7N0mF-ylIGUuIWHCtA,Sullivan's Steakhouse,Steakhouses,3.5,35.2101676933474,-80.8599308916656,$$$,1928 South Blvd,Charlotte,28203
bMTqFQqYoeANon4iVlatpQ,Jimmie's Restaurant,American (Traditional),3.0,35.1714859008789,-80.660774230957,$,7024 Brighton Park Dr,Charlotte,28227
NMO1hExBvamoZ9RKEVNcYg,McCormick & Schmick's Seafood & Steaks,Seafood,3.0,35.2265734,-80.8444773,$$$,200 S Tryon St,Charlotte,28202
v4HpZFOU3mvIeuHLRSIi7g,Bahn Thai,Thai,4.0,35.0708159675029,-80.8440170064569,$$,12206 Copper Way,Charlotte,28277
SQEA7XcYZ6ygpuSnCSy1IQ,Texas Roadhouse,Steakhouses,3.5,35.1259804,-80.7062836,$$,10450 E. Independence Blvd.,Matthews,28105
LpAdf_z1A9REhTQjr1B4cA,McCormick & Schmick's Seafood & Steaks,Seafood,3.5,35.1529699850775,-80.8343189539863,$$,4335 Barclay Downs Dr,Charlotte,28209
YZjqRPrLZBOh2Lz5iVbuHA,Taco Bell,Mexican,3.5,35.084106,-80.878954,$,10917 Carolina Place Pkwy,Pineville,28134
FrfzI901uS2bU2kgUkqaVw,Pearlz Oyster Bar,Seafood,4.0,35.060801,-80.814302,$$,7804 Rea Rd,Charlotte,28277
bzbNGyrTwWHAgg1CqkSgeg,Stewart Penick's Terrace,Southern,4.0,35.1524371764842,-80.8395179364014,$$,4625 Piedmont Row Dr,Charlotte,28210
HiA9a6M9M_5Jb3W5GdDrXQ,Courtyard by Marriott Charlotte City Center,Hotels,3.0,35.225704,-80.844848,$$,237 S Tryon St,Charlotte,28202
GNIxpOWJcjx5pGN9IBgrYQ,Tin Roof,Music Venues,3.0,35.225242,-80.84173,$,210 E Trade St,Charlotte,28202
SlQNMsVEOSxN-ciIn93LOw,House Of Leng At Boardwalk,Chinese,3.5,35.30985,-80.7488,$$,8933 J M Keynes Dr,Charlotte,28262
yymNrvk1cioG5Bn5lWH2QQ,Wild Wing Cafe,American (Traditional),2.5,35.225324,-80.842187,$$,210 E Trade St,Charlotte,28202
eZDXz_RylvdD0tHEA8I0NA,New Zealand Cafe,Sushi Bars,4.0,35.140625,-80.737637,$$,1717 N Sardis Rd,Charlotte,28270
XdhisHedvykhoCnm6eS9-A,Wingstop,Chicken Wings,2.0,35.1784285450813,-80.7564096304272,$$,6609 Monroe Rd Ste 110,Charlotte,28212
MV9fUwgI2AQa4uZArynRlA,Monterrey,Mexican,3.0,35.089838,-80.868412,$,10707 Park Rd,Charlotte,28210
1JOQhzsW6cu4yVHuPhlRwQ,El Valle Mexican Restaurant,Mexican,4.0,35.1177434,-80.7254982,$,305 W John St,Matthews,28105
kgmVm_ZbJsJpSye27xccvg,Killingtons Restaurant & Pub,American (Traditional),4.0,35.4090885,-80.8605753,$$,10010C Rose Commons Dr,Huntersville,28078
Z35sWrHZ8pfaHRuXLZc0lQ,South 21 Matthews,Burgers,4.0,35.11533,-80.69508,$,11450 E Independence Blvd,Matthews,28105
ynvp3qvt3xc321dLKFxpgA,Hilton Charlotte Center City,Hotels,3.0,35.2237356,-80.8436325,$$$,222 E 3rd St,Charlotte,28202
0DyDT4NJNaIuDpT7nTIjxg,Chaupaati,Indian,4.0,35.08753,-80.87178,$$,9101 Pineville Matthews Rd,Pineville,28134
yVhEA59Q4vcfQ6z7mIqysg,Crackin' Crawfish,Seafood,3.5,35.3024162666032,-80.7478761550294,$$,440 E Mccullough Dr,Charlotte,28262
tMKblwX0CeCDZbCz6ruyPg,Cocoa's Jamaican Jerk,Caribbean,3.0,35.3335099,-80.79633,$$,6316-A Old Sugar Creek Rd,Charlotte,28269
sPwh9yiJYeyAN4CBq_tUYg,Hickory Tavern,American (Traditional),3.5,35.0711594476984,-80.8441382944558,$$,12210 Copper Way,Charlotte,28277
rqjhez-ulSyMkr7lMGJwFA,Red Ginger,Sushi Bars,3.0,35.2240551792898,-80.8455877507873,$$,401 S Tryon St,Charlotte,28202
80TTAvMtRsPPFtFFnXgskA,Genghis Grill,Mongolian,3.5,35.0559982,-80.8354186,$$,11324 North Community House Rd,Charlotte,28277
npWIa3dIPEV1MTaZNq6AUA,Firebirds Wood Fired Grill,Steakhouses,4.0,35.062086,-80.8161,$$,7716 Rea Rd,Charlotte,28277
67FzueRMlcTQV3Nuep2qPw,Lotus Chinese Cuisine,Chinese,2.5,35.33456,-80.7947,$,3716 W Wt Harris Blvd,Charlotte,28269
ASC3JV2Jh09lTyJZ98UMFA,El Veracruz Mexican Restaurant,Mexican,4.0,35.084015,-80.88275,$$,391 Towne Centre Blvd,Pineville,28134
WVi8G1QuTYsaIuOLUAfG-Q,Harrisburg Family House,Italian,3.5,35.320054,-80.667621,$,5429 Hwy 49 S,Harrisburg,28075
f12Zv1B9crmSW58iyTR_mA,Midwood Smokehouse,Barbeque,4.0,35.07018,-80.8435,$$,12410 Johnston Rd,Charlotte,28277
sphMzEIqY1I2Dzv3zLZY2g,Global Restaurant,American (New),4.0,35.0858607085166,-80.890496738377,$$$,314 Main St,Pineville,28134
h4GIdwfCp0Zzf46q33UWEQ,Bobbee O's BBQ,Barbeque,3.5,35.3497049,-80.8420243,$$,9401 Statesville Rd,Charlotte,28269
oWQaP9yP77B3Au0LAEevdQ,Publix,Grocery,4.0,35.1458954316722,-80.9295107424259,$$,8120 South Tryon St,Charlotte,28273
mrzGyreS9XKOOTMo9LnlSA,Hokkaido Japanese Express,Japanese,2.5,35.1460137312744,-80.9365144490732,$$,8170-G S Tryon St,Charlotte,28273
Sqbx1-q5b8DbqWPWnBkBqQ,Westlake Restaurant,Breakfast & Brunch,4.5,35.476432,-80.993982,$,1235 N Hwy 16,Denver,28037
qqIgj3vpc54Bab5xWfwONA,Pita Kabab Grill,Mediterranean,4.0,35.1155281066895,-80.7207336425781,$$,131 E John St,Matthews,28105
2bTfMJCido0G8U0tk8hDkg,FlatIron Kitchen & Taphouse,American (New),3.5,35.49751,-80.84931,$$,215 S Main St,Davidson,28036
PkJUpidg_HzdxtdF6wDxeg,Aloft Charlotte Uptown at the EpiCentre,Hotels,3.0,35.22538,-80.84201,$$,210 E Trade St,Charlotte,28202
G8XgwAr9Ex39SI-DUFZRSw,The Trail House,American (New),3.5,35.04914,-80.64574,$$,6751 Old Monroe Rd,Indian Trail,28079
tInrGCzll4k9hF34Ye1rvQ,Chima Steakhouse,Steakhouses,4.0,35.2263043,-80.8439491,$$$,139 S Tryon St,Charlotte,28202
b6qKEYhc5cji_i04PjF6ww,Ishi Japanese Restaurant,Japanese,3.0,35.2949318,-80.7474815,$$,8205 University City Blvd,Charlotte,28262
ZCXjNG1EBFiKKMtR9DOTGg,Thai House - University,Thai,4.0,35.3034439086914,-80.7487182617188,$$,230 E Wt Harris Blvd,Charlotte,28262
jF4TNrr03o1y6PNwC-TwFg,Chick-fil-A,Fast Food,2.5,35.144187,-80.929394,$,8032 S Tryon St,Charlotte,28273
j3SHAiF8OIlY3kUPnAAlKw,House Of Leng - Mallard Creek,Chinese,3.5,35.3403565,-80.7656081,$$,2712 W Mallard Creek Church Rd,Charlotte,28262
stCP0pdz5_3i7AAzmt5dSw,Wendys,Fast Food,2.0,35.3331321,-80.7934094,$,3700 Wt Harris Blvd,Charlotte,28269
KoYooLJpjWKQoHJkF3fsGA,Kabuto Japanese Steakhouse and Sushi Bar,Japanese,3.0,35.088184,-80.851089,$$,7724 Pineville-Matthews Rd,Charlotte,28226
aAoPO0xJsNv0hoLpjX31zg,Bojangles' Famous Chicken 'n Biscuits,Fast Food,2.5,35.188392,-80.690711,$,9075 Lawyers Rd,Mint Hill,28227
RAh9WCQAuocM7hYM5_6tnw,The Cowfish Sushi Burger Bar,Sushi Bars,4.0,35.1527248375554,-80.8279533140167,$$,4310 Sharon Rd,Charlotte,28211
HwV2hQr7fbpiG8wODWJQ1w,Azteca Mexican Restaurant,Mexican,3.5,35.35189,-80.84209,$$,7340 Smith Corners Blvd,Charlotte,28269
jPcGeaxe2x8-V8t7KmEmcw,Niyo,Japanese,2.5,35.333862,-80.792175,$,3509 David Cox Rd,Charlotte,28269
L8rJht4Jw_BuR8gsckEWYg,The Cheesecake Factory,American (New),3.0,35.1515868304226,-80.8305587899353,$$,4400 Sharon Rd,Charlotte,28211
Mkn4eaV7pVcat5PQ0U-4Qw,Stacks Kitchen,Breakfast & Brunch,4.0,35.1233488121615,-80.729626,$,11100 Monroe Rd,Matthews,28105
hVLFDDA31wYm3Jjz3w74GA,Duckworth's Grill & Taphouse,American (Traditional),4.0,35.05596,-80.8535,$$,14015 Conlan Cir,Charlotte,28277
vofsKB4Y8MKyytL4dS556w,Wingstop,Chicken Wings,2.5,35.3119098062957,-80.7446102023773,$,9211 N Tryon St,Charlotte,28262
XSCYYvstSpCVW8wC7rJT7w,Anntony's Caribbean Cafe,Caribbean,3.5,35.3356975,-80.7973756,$,6434 W Sugar Creek Rd,Charlotte,28269
Z_mJYg3vi8cPZHa1J4BALw,Kindred Restaurant,American (New),4.5,35.4999098039671,-80.848352861863,$$,131 N Main St,Davidson,28036
n5Hc_iMVkyxcS0SXiBCbOQ,First Watch - Matthews Township,American (New),4.0,35.12272451,-80.71032968,$$,1643 Matthews Township Pkwy,Matthews,28105
0Q5hLTlQr1HfyfLZc9Ozsw,Romano's Macaroni Grill,Italian,2.5,35.3145,-80.76281,$$,8620 Research Dr,Charlotte,28262
Q8qsbFqIE7lwA-zkv07fxA,Mario's Italian Restaurant,Italian,3.5,35.0642720418595,-80.7268842714202,$$,2945 Matthews Weddington Rd,Matthews,28104
-LAiusd8GnWFR8atxbT-Vw,Los Arcos Mexican Restaurant,Mexican,3.0,35.3240083,-80.9469577,$$,3542 Mount Holly Huntersville Rd,Charlotte,28216
E0vZWNBWe-LwdECQFIjnug,Boardwalk Billy's Raw Bar And Ribs,American (Traditional),3.5,35.31062,-80.74888,$$,9005 J M Keynes Dr,Charlotte,28262
n-BoGXG2NItNbr_PMtIRBg,Amalfi's Pasta 'n' Pizza,Italian,3.5,35.2968451,-80.7404675,$$,8542 University City Blvd,Charlotte,28213
E3BTs8yFlVbZd20TknY00A,Jim 'N Nick's Bar-B-Q,Barbeque,4.0,35.1050414819154,-80.9898836504819,$$,13840 Steele Creek Rd,Charlotte,28273
f2sChoHFfQh3cE77hSB-ag,Bonefish Grill,Seafood,3.5,35.3722062,-80.7215582,$$,8503 Concord Mills Blvd,Concord,28027
yuhnMOLGmXHhQxyp1V_rBw,Genghis Grill,Chinese,3.5,35.13393,-80.71156,$$,9727 East Independence Blvd,Matthews,28105
_kzB_xsb9DHUPfXB0XfQGA,Cantina 1511,Tex-Mex,3.5,35.06205,-80.81517,$$,7708 Rea Rd,Charlotte,28277
-_nz_8EPGQKKTd8loQDgXQ,Salsarita's Fresh Mexican Grill,Mexican,3.5,35.3176964,-80.7720982,$,1530 Overland Park Ln,Charlotte,28262
GqfGoFMC3cn_AZI7iUOWKg,Bar Louie - University City,American (New),3.0,35.3074288282892,-80.7497937977859,$$,8760 Jm Keynes Dr,Charlotte,28262
TINqpvaOjgVHiu4wgWZOhw,Brightstar Grill,American (Traditional),4.0,35.2910606,-81.0247051,$,205 Madora St,Mount Holly,28120
8k8cMmMcuj5h85mMLMoj2w,RayNathan's,Barbeque,4.0,35.2073,-81.07459,$$,4571 S New Hope Rd,Gastonia,28056
PHhZy5zYULNF-oz-2Jz9KA,Mellow Mushroom,Pizza,3.0,35.053717,-80.851277,$$,14835 Ballantyne Village Way,Charlotte,28277
fECudezmkuBipHcaDhbN9Q,Bad Daddy's Burger Bar,Burgers,3.5,35.3763996,-80.7327947,$$,8915 Christenbury Pkwy,Concord,28027
2KpyT9ZN2qtj1n3TX_bzYQ,Char Bar No 7,Burgers,3.5,35.081703,-80.729289,$$,3118 Fincher Farm Rd,Matthews,28105
4X9tVVQHIewliXqaancfQA,Rum Bar & Grill,Sports Bars,2.5,35.2206969,-80.9412414,$$,5501 Josh Birmingham Pkwy,Charlotte,28208
yPIHOfXNz4LNTWFjCTFWgA,The Greek Grill,Greek,4.5,35.047322213144,-80.9916766360402,$,1143 Stonecrest Blvd,Fort Mill,29708
NRAmrbIGgXgH5uYv8GGJ5A,Mayworth's Public House,American (Traditional),4.5,35.2358093,-81.0724869,$$,115 Center St,Cramerton,28032
YaFM08fEdbp-iSon3Opsbw,Monterrey Mexican Restaurant,Mexican,3.5,35.29419,-80.73958,$$,1001 E Wt Harris Blvd,Charlotte,28213
E0HOsxXZ_o6ocemK57BoWA,A Piece Of Havana,Cuban,3.5,35.1155967,-80.9617231,$$,11126 S Tryon St,Charlotte,28273
mLeAFPQ9fy5pYCTp0xjJkQ,Razzoo's Cajun Cafe,Cajun/Creole,4.0,35.3695912,-80.716634,$$,8011 Concord Mills Blvd,Concord,28027
HtObLsspK0xIXfNPb7eUmA,Fuji Japanese Steakhouse,Japanese,3.0,35.1029373522278,-80.9848520092331,$$,14126 RiverGate Pkwy,Charlotte,28273
WUm3b5SMYPLSgeB0adjvuA,Lake Wylie Pizza and Italian Resturant,Italian,3.5,35.1095995785586,-81.0438186672588,$,4074 Charlotte Hwy,Clover,29710
3PsmvwxetLz1Tzb-6mNhgA,P.F. Chang's,Chinese,3.0,35.3487926304959,-80.853229,$$,10325 Perimeter Pkwy,Charlotte,28216
hP55G7ciHn30UeoZ72Japw,Bisonte Pizza,Pizza,3.5,35.0687554401317,-80.7011622190475,$$,1381 Chestnut Ln,Matthews,28104
y8ELffgkORhv6G8oZGJwUA,Il Bosco Ristorante and Bar,Italian,4.0,35.50026,-80.84908,$$,127 Depot St,Davidson,28036
z2Yivr-C0K0H2sLNXvnZyg,Peace -N- Hominy Q,Barbeque,4.5,35.243,-81.02858,$,403 E Catawba St,Belmont,28012
xjUy3O9sVz8qFxBS8CWStw,Slice House Pizza,Pizza,4.0,35.410704,-80.842643,$$,101 Old Statesville Rd,Huntersville,28078
uqYB53z5GrtzJq8WHTF-xg,Olive Garden Italian Restaurant,Italian,3.0,35.0864105,-80.8770523,$$,9421 Pineville Matthews Rd,Pineville,28134
IIWz96zl3D8thYIxv3-5mA,Asian Garden,Asian Fusion,3.5,35.2490132159853,-81.0806029917451,$,202 Market St,Cramerton,28032
YZhqXSLLrDtRjnt5XzQGXQ,Luigi & Sons Italian Restaurant,Italian,4.0,34.970281,-80.994718,$$,2387 Cherry Rd,Rock Hill,29732
FK1YPTL4TccEXcHcPt9dJg,The Improper Pig,Barbeque,4.0,35.0076885764977,-80.9441116790801,$$,204 Main St,Fort Mill,29715
AB1a6QImpe88asJrE3lxpQ,Brixx Wood Fired Pizza,Pizza,3.5,35.02608,-80.962041,$$,2035 Richard Jones Rd,Nashville,37215
3cwcUx6OPOw0OkJcHwbWFw,Clover Station,Southern,4.5,35.1115072,-81.2265532,$,105 N Main St,Clover,29710
Zn1XufFEiIGLu7-4x4jesg,Panera Bread,Sandwiches,2.5,35.123889,-80.707596,$,1904 Matthews Township Pkwy,Matthews,28105
WyKJkdw7PEZD1I0qtPN17w,Bistro D'antonio,Italian,4.0,34.93782,-80.75047,$$,3909 Providence Rd S,Waxhaw,28173
eJ0kWgojWvS1IunOpzyfWg,Brew's Tavern,American (Traditional),4.0,34.947345,-80.844563,$$,8083 Charlotte Hwy,Fort Mill,29707
aJPDsouSpAnaksj8uFHzdQ,Sake Express,Japanese,3.5,35.25424,-81.02775,$,675 Park St,Belmont,28012
jzJnN9T0BKZLO2YY3ihBew,Farley's Pizzeria,Pizza,4.0,34.9383594,-80.6689706,$,3202 Potter Rd,Mineral Springs,28112
ZdFl7MqnF09dcifG1j7l_w,Applebee's Grill + Bar,American (Traditional),1.5,35.310994,-80.752343,$$,8700 J W Clay,Charlotte,28262
UM07j7HtW-dhr8Gq3LQLxg,521 BBQ & Grill,Barbeque,4.0,35.047746,-80.992075,$$,1135 Stonecrest Blvd,Tega Cay,29708
Aw3YYxmIbt-LTtjrNWouHA,Dressler's Restaurant - Birkdale Village,American (New),4.0,35.446135,-80.879821,$$$,8630 1-A Lindholm Dr,Huntersville,28078
VIfREGnBYJ6HVnWfArVb_A,The Country Kitchen,Southern,4.0,35.3156475,-81.1748462,$,116 E Main St,Dallas,28034
1ddi7j3nph9tuU3J3TK6LA,Cheddar's Scratch Kitchen,Comfort Food,3.0,35.2609158768158,-81.1424550270772,$$,2051 E Franklin Blvd,Gastonia,28054
3GGmY_QhqHnIEqk62p7cVA,Hwy 55 Burgers Shakes & Fries,Burgers,3.5,35.3219184510796,-80.6490468978882,$,4435 Hwy 49 S,Harrisburg,28075
JXj3X8RMmVikVZGSWmh7ww,Block Bistro,Wine Bars,4.0,35.41326,-80.83381,$$,13812 Cinnabar Pl,Huntersville,28078
faYjK7VoSnPkZiA4Qjyu_w,Pier 51 Seafood Restaurant,Seafood,4.0,35.3972525154516,-80.6091291683481,$$,744 Cabarrus Ave W,Concord,28027
pa2Y633N7lG7SHCIriE8GQ,Carrabba's Italian Grill,Italian,3.5,35.3656707,-80.715237,$$,7900 Lyles Ln NW,Concord,28027
u5wmbtWjMyaiJpAbP2xoEw,Fish Market,Seafood,3.5,35.02798,-80.96897,$$,990 Market St,Fort Mill,29708
YvVEZIfkxRktT07IBpXilw,Hilton Garden Inn Charlotte/Concord,Hotels,4.0,35.3705503291484,-80.7097738981281,$$,7831 Gateway Ln,Concord,28027
XSY26vVt9qvLh3SAECPzkg,The Melting Pot - Huntersville,Fondue,4.5,35.441214,-80.86721,$$$,16625 Statesville Rd,Huntersville,28078
hR4-JdUZI63bv5pa_LIUOw,Fiesta Mexicana Grill,Mexican,4.5,35.42822,-80.6084599,$,836 Florence St,Concord,28027
cr84hpeFeas6N6VGV7Iu3A,Que Onda Cantina Highland Creek,Mexican,4.0,35.384405,-80.7864813,$$,13016 Eastfield Rd,Huntersville,28078
WcJj-qBxuGncY1X8R6pfgg,Famous Toastery,Breakfast & Brunch,4.0,35.374985,-80.729037,$$,8680 Concord Mills Blvd,Concord,28027
izNFwY0XMPsmmUDaSzB9ig,Sabor Latin Street Grill - Fort Mill/Tega Cay,Latin American,3.5,35.0591982376896,-80.990301668644,$,817 Crossroads Plz,Fort Mill,29708
2aLZjt3Pkg7WvoJq2LtckA,Hillbilly's Barbeque & Steaks,Barbeque,3.5,35.263714,-81.091149,$$,720 McAdenville Rd,Lowell,28098
a5zjODIOCqRAH5mG4sPVYQ,Cherry,Sushi Bars,3.5,35.1083029,-81.0425683,$$,4034 Charlotte Hwy,Lake Wylie,29710
DtU7Jq2YEaxZitAotT95yQ,Taqueria La Unica,Mexican,4.0,34.986572265625,-80.5254669189453,$,1621 Walkup Ave,Monroe,28110
syBbYNE5-rWDMOs-MkFRQw,Emmet's Social Table,American (Traditional),4.0,34.92455,-80.73976,$$,401 E South Main St,Waxhaw,28173
-Yz1ZN-mSFQ7isNOz99MZQ,Jimmy John's,Sandwiches,3.5,35.431844,-80.606222,$,1225 Concord Pkwy,Concord,28025
bGaMzx2PcwzhYBX9Gn7_hg,El Vallarta,Mexican,4.0,35.00283,-80.5531,$$,1890 W Roosevelt Blvd,Monroe,28110
owjS04hpDA-XExecvsU0OQ,Famous Toastery,Breakfast & Brunch,4.0,35.0471911350329,-80.9908684123125,$$,2429 Hwy 160 W,Tega Cay,29708
-plmjUoC1d-tZcVbp0zMqw,Hickory Tavern,Sports Bars,3.0,34.954750333773,-80.851105414331,$$,8364 Charlotte Hwy,Indian Land,29707
8kKTZ0TzLpuPbk8eNGBEGA,LongHorn Steakhouse,Steakhouses,4.0,35.44676,-80.59918,$$,351 Copperfield Blvd NE,Concord,28025
t59EjJ_flqR75Mk2RWILAg,Fratelli Ristorante & Pizzeria,Italian,3.0,35.02762,-80.96798,$$,975 Market St,Fort Mill,29708
TDFNuRJ_45hW18mu-V12JQ,El Amigo Mexican Restaurant,Mexican,4.0,35.46982,-80.6112799,$$,1776 S Cannon Blvd,Kannapolis,28083
EAt4rIjErbsz97lh7f0r_Q,The Full Moon Oyster Bar-Concord,Bars,4.0,35.3971576,-80.6621702,$$,5011 Weddington Rd,Concord,28027
Mmh4w2g2bSAkdSAFd_MH_g,Red Bowl,Asian Fusion,3.0,35.062479508989,-80.9944802178604,$$,845 Stockbridge Dr,Fort Mill,29708
LXKGsFBsOYaS7VPuMlgONA,Great Harvest Bread,Bakeries,3.5,35.48007,-80.85837,$$,19901 S Main St,Cornelius,28031
AOfdk12tqKEcXZBQ0HvG_Q,Hooters,American (Traditional),3.0,35.3650342173922,-80.7069477257776,$$,7702 Gateway Ln,Concord,28027
foezb6XCQ2_bWLd2M5LICA,Sauza's Mexican Restaurant,Mexican,3.5,35.4438972,-80.9970703,$,169 Cross Center Rd,Denver,28037
8hkRhWdnSWQswxHHQb5x9g,The Grumpy Monk,American (New),3.5,35.0201278,-80.5787262,$$,2841 W Hwy 74,Monroe,28110
8xRBpeEcnLSIRaqYbF-JWg,IHOP,Breakfast & Brunch,1.5,35.371058,-80.78341,$$,5815 Highland Shoppes Dr,Charlotte,28269
_tU5cWajktsl8_Uj1_DaHA,Grumpy Brothers,Southern,4.0,34.9583470323975,-81.0433530807495,$$,295 Herlong Ave,Rock Hill,29732
97K4904NnvB_zSEVGHDc-A,E Noodles,Noodles,4.0,35.4156265258789,-80.6689987182617,$$,360 Exchange St NW,Concord,28027
v8RKZS-7rhZd3yxU3nqygA,Pita Pit,Fast Food,3.5,35.4814588597001,-80.8554607695587,$,21726 Catawba Ave,Cornelius,28031
z6yxgJ8UW0UF7dJr65rC4w,Nellie's Southern Kitchen,Southern,3.5,35.24355,-81.0374,$$,36 N Main St,Belmont,28012
clMgOc_GMWj8Y2c1AS7NqQ,LongHorn Steakhouse,Steakhouses,3.5,34.939542,-80.966651,$$,2255 Crosspointe Dr,Rock Hill,29730
q5I1eO_K6AHC-3B8DB9Caw,Choplin's Restaurant,Seafood,4.0,35.480913,-80.882426,$$,19700 One Norman Blvd,Cornelius,28031
OBX7JI5q8PMJ6ege9gji0Q,Quality Inn & Suites Matthews - Charlotte,Hotels,2.5,35.099017,-80.678186,$$,13470 East Independence Blvd,Matthews,28105
XTQWdGUh1Xtlk7e9kxBMwg,Penn Station East Coast Subs,Cheesesteaks,3.0,35.47402,-80.89101,$,19116 W Catawba Ave,Cornelius,28031
Pcij9Zvllmj-oge8N-uSzg,The Woodshed Restaurant,Steakhouses,3.0,35.358043,-81.095126,$$,210 S Main St,Stanley,28164
Km0sT7E_dc2U1BkyRoy1xA,"Akahana - Asian Bistro, Bar & Sushi",Japanese,3.0,35.0284830827773,-80.9673952683806,$$,940 Market St,Fort Mill,29708
7hsi2ob7wOORBj5Pa2199Q,Outback Steakhouse,Steakhouses,3.0,35.43966,-80.87063,$$,16400 Northcross Dr,Huntersville,28078
Hx6HNJfEGgllQ3-dyoNDbA,Twin Peaks,Sports Bars,3.0,35.3733749389648,-80.7259368896484,$$,8601 Concord Mills Blvd,Concord,28027
ff58ZoL3giN5WBftvH5Icg,What-A-Burger No 13,Burgers,3.5,35.39941,-80.43681,$,8330 W Franklin St,Mount Pleasant,28124
c3MRaD-kBCpOvtv4lnUecw,Cowboy Steak Chicken Ribs,Steakhouses,3.5,35.4586799,-80.8670377,$$,9615 Bailey Rd,Cornelius,28031
61RkFFofkljVlu2mv1TS6A,Iron Thunder,Sports Bars,3.0,34.9897767818812,-80.5316836642037,$$,608 West Roosevelt Blvd,Monroe,28110
VkPa6mYsHsiPPU6BQ3l4fQ,Giovanni's Pizza & Pasta,Pizza,3.0,35.4440872371197,-80.6250639259815,$$,559 Winecoff School Rd,Concord,28027
rmP7AzV3SAeRWUzbNuqQ5A,131 MAIN,American (Traditional),4.0,35.4570629,-80.8679784,$$$,17830 Statesville Rd,Cornelius,28031
yUSPsKDzmlG9XYWfgblL_g,Empire Pizza & Bar,Pizza,3.5,34.979621,-81.08731,$$,4811 Old York Rd,Rock Hill,29732
fJqY-E3adwx7LLozV1TfFA,eeZ Fusion & Sushi,Sushi Bars,4.0,35.4464951042805,-80.8783882297915,$$,16925 Birkdale Commons Pkwy,Huntersville,28078
F1CCt2Gl6qpOB73mXi5anA,Duckworths Grill & Taphouse,Sports Bars,4.0,35.440001,-80.867257,$$,16609 Statesville Rd,Huntersville,28078
tI81vezqt-Mi8nsEBpfqbA,Outback Steakhouse,Steakhouses,3.0,34.977484,-80.989951,$$,1319 River Run Ct,Rock Hill,29732
yOvsX8P8xRZwaAEaXtmoIA,Ledo Pizza,Pizza,3.0,34.9538286,-81.059388,$$,489 S Herlong Ave,Rock Hill,29732
xswOBJzAg4MtfDjbYWjx1A,East Coast Wings + Grill,Chicken Wings,3.5,35.46461,-80.59189,$$,2263 Spider Dr,Kannapolis,28083
acv_0ipmJF3iUH0f9d5A0Q,Red Bowl Asian Bistro,Asian Fusion,3.0,34.97673,-81.02879,$$,2760 Celanese Rd,Rock Hill,29732
Oe1tY0tjUgPJ_LiczZDMPQ,Ruby Tuesday,Burgers,3.0,34.93908,-80.96796,$$,1410 Old Springdale Rd,Rock Hill,29730
dwAPMrdLwSn1KCsJzz_oLA,Hickory Tavern,American (Traditional),2.5,35.22596,-81.13371,$$,1925 Hoffman Rd,Gastonia,28054
7R6JSHz-7jc9CzhPKdOE4Q,Kobe Hero,Japanese,3.0,35.478015,-80.876564,$$,20465 Chartwell Ctr Dr,Cornelius,28031
vfwTrfrZ3FWhVkyLjAggLQ,Restaurant X,Breakfast & Brunch,4.0,35.49612,-80.85303,$$,408 S Main St,Davidson,28036
UXL5eg0e6W1AZzmX6NAXdg,Brickhouse Tavern,American (Traditional),3.5,35.5035552978516,-80.8488616943359,$$,209 Delburg St,Davidson,28036
XBYrsKCn0fAgUO2AD7Lizg,Chili's,Bars,2.5,35.25938,-81.12409,$$,3086 E Franklin Blvd,Gastonia,28056
DrJ6xjGcQJfMllS19S527Q,Alton's Kitchen & Cocktails,American (New),3.5,35.479225,-80.893923,$$,19918 N Cove Rd,Cornelius,28031
km9M8hXG88RzPUBOeYTbvg,Quality Inn & Suites,Hotels,2.5,35.009762,-80.564526,$$,2351 W Roosevelt Blvd,Monroe,28110
BDTIaZHqgBbV1aqlh1l_Vg,Buffalo Wild Wings,Chicken Wings,2.0,35.0046926332597,-80.5571873386429,$$,2109 W Rossevelt Blvd,Monroe,28110
1hBmklxIBhw9nu9NjOTaQA,"Hello, Sailor",Seafood,3.0,35.4859323089312,-80.8877044478741,$$,20210 Henderson Rd,Cornelius,28031
I3fwKsQfZA_zMjewRr9lrw,Dairy Queen,Ice Cream & Frozen Yogurt,1.5,35.2121086,-81.1650085,$,3128 Union Rd,Gastonia,28056
